ipAddress,abuseConfidenceScore,isp,domain,countryCode,totalReports,lastReportedAt
198.148.27.131,14,PulsePoint Inc,pulsepoint.com,US,12,2024-02-04T14:07:13+00:00
8.18.47.7,17,Deepintent Inc.,deepintent.com,US,2,2024-01-27T17:38:40+00:00
69.175.41.15,3,SingleHop LLC,singlehop.com,US,1,2024-01-25T06:31:17+00:00
104.16.51.111,1,CloudFlare Inc.,cloudflare.com,US,0,2024-01-01T09:22:12+00:00
204.79.197.200,1,Microsoft Corporation,microsoft.com,US,1,2024-01-15T10:30:50+00:00
13.107.42.14,14,Microsoft Corporation,microsoft.com,US,8,2024-02-06T10:24:42+00:00
35.169.173.155,3,Amazon Technologies Inc.,amazon.com,US,1,2024-01-23T05:35:35+00:00
152.199.24.163,1,ANS Communications Inc,ans.net,US,0,2024-01-02T21:25:45+00:00
192.0.66.168,2,Automattic Inc,wordpress.com,US,1,2024-01-19T08:52:07+00:00
68.67.179.155,2,Xandr Inc.,microsoft.com,US,4,2024-01-31T12:48:21+00:00
185.199.111.153,20,GitHub Inc.,github.com,US,4,2024-02-01T10:08:27+00:00
66.254.114.238,2,Reflected Networks Inc.,reflected.net,US,1,2024-01-14T08:10:17+00:00
104.16.122.175,1,CloudFlare Inc.,cloudflare.com,US,0,2024-01-01T09:22:38+00:00
162.247.243.29,26,New Relic,newrelic.com,US,6,2024-02-02T20:25:03+00:00
34.107.199.61,1,Google LLC,google.com,US,1,2024-01-18T22:43:33+00:00
76.223.31.44,2,Amazon.com Inc.,amazon.com,US,1,2024-01-12T13:09:40+00:00
34.107.221.82,17,Google LLC,google.com,US,1,2024-01-12T13:11:44+00:00
34.160.144.191,4,Google LLC,google.com,US,1,2024-02-04T09:33:01+00:00
34.149.100.209,25,Google LLC,google.com,US,12,2024-02-04T09:33:16+00:00
34.120.208.123,34,Google LLC,google.com,US,4,2024-02-07T07:13:02+00:00
34.107.243.93,41,Google LLC,google.com,US,11,2024-02-04T09:33:06+00:00
104.18.10.207,13,CloudFlare Inc.,cloudflare.com,US,3,2024-01-31T06:30:11+00:00
54.225.185.110,1,Amazon Technologies Inc.,amazon.com,US,0,2024-01-02T12:21:04+00:00
162.247.241.14,1,New Relic,newrelic.com,US,1,2024-01-15T05:19:40+00:00
66.254.114.41,25,Reflected Networks Inc.,reflected.net,US,2,2024-01-29T11:20:23+00:00
68.67.161.182,3,Xandr Inc.,microsoft.com,US,4,2024-02-05T14:36:45+00:00
68.67.160.26,10,Xandr Inc.,microsoft.com,US,8,2024-02-03T14:26:22+00:00
34.120.195.249,16,Google LLC,google.com,US,3,2024-02-04T20:49:24+00:00
13.225.189.194,3,Amazon.com Inc.,amazon.com,CA,1,2024-01-20T17:34:22+00:00
104.211.35.148,11,Microsoft Corporation,microsoft.com,US,2,2024-02-02T06:25:21+00:00
104.244.42.133,28,Twitter Inc.,twitter.com,US,7,2024-01-31T00:04:46+00:00
192.124.249.187,18,Sucuri,sucuri.net,US,3,2024-01-13T00:10:41+00:00
169.150.236.99,0,DataCamp Limited,datacamp.co.uk,US,0,2023-12-15T01:24:05+00:00
192.0.73.2,9,Automattic Inc,wordpress.com,US,0,2024-01-03T16:52:02+00:00
169.150.236.97,2,DataCamp Limited,datacamp.co.uk,US,1,2024-01-12T18:55:08+00:00
34.104.35.123,28,Google LLC,google.com,US,8,2024-02-04T21:10:05+00:00
104.18.11.207,17,CloudFlare Inc.,cloudflare.com,US,3,2024-01-31T06:30:12+00:00
34.195.224.242,1,Amazon Technologies Inc.,amazon.com,US,0,2024-01-02T12:21:04+00:00
104.244.42.136,2,Twitter Inc.,twitter.com,US,5,2024-01-21T13:13:23+00:00
44.216.76.39,2,Amazon Data Services NoVa,amazon.com,US,1,2024-01-16T05:35:15+00:00
104.244.42.69,23,Twitter Inc.,twitter.com,US,3,2024-02-04T14:05:48+00:00
199.250.161.129,12,The Trade Desk Inc.,thetradedesk.com,US,3,2024-02-03T14:26:28+00:00
34.120.155.137,3,Google LLC,google.com,US,2,2024-01-25T08:31:12+00:00
68.67.178.10,2,Xandr Inc.,microsoft.com,US,4,2024-01-27T14:14:53+00:00
192.0.72.20,0,Automattic Inc,wordpress.com,US,0,2023-12-18T14:19:36+00:00
68.67.179.164,2,Xandr Inc.,microsoft.com,US,5,2024-01-30T13:40:22+00:00
74.119.119.150,3,Criteo Corp.,criteo.com,US,14,2024-02-05T14:36:45+00:00
68.67.181.211,3,Xandr Inc.,microsoft.com,US,5,2024-02-05T14:36:45+00:00
3.18.229.137,3,Amazon Technologies Inc.,amazon.com,US,1,2024-02-05T06:33:33+00:00
68.67.179.153,2,Xandr Inc.,microsoft.com,US,1,2024-01-18T13:14:49+00:00
141.226.224.48,1,Taboola.com Ltd,taboola.com,US,0,2023-12-18T17:30:06+00:00
72.21.81.200,2,Edgecast Inc.,edgecast.com,US,1,2024-01-10T03:06:46+00:00
68.67.160.132,2,Xandr Inc.,microsoft.com,US,2,2024-01-29T13:50:16+00:00
52.46.130.91,2,Amazon Technologies Inc.,amazon.com,US,1,2024-01-12T02:35:51+00:00
52.46.143.56,1,Amazon Technologies Inc.,amazon.com,US,0,2023-12-29T21:22:06+00:00
66.254.114.201,2,Reflected Networks Inc.,reflected.net,US,1,2024-01-24T14:49:33+00:00
104.18.101.40,1,CloudFlare Inc.,cloudflare.com,US,0,2024-01-01T18:27:19+00:00
69.175.41.2,2,SingleHop LLC,singlehop.com,US,1,2024-01-18T06:28:20+00:00
159.89.246.130,1,DigitalOcean LLC,digitalocean.com,US,0,2023-12-19T16:00:17+00:00
141.226.224.48,1,Taboola.com Ltd,taboola.com,US,0,2023-12-18T17:30:06+00:00
72.21.81.200,2,Edgecast Inc.,edgecast.com,US,1,2024-01-10T03:06:46+00:00
68.67.160.132,2,Xandr Inc.,microsoft.com,US,2,2024-01-29T13:50:16+00:00
52.46.130.91,2,Amazon Technologies Inc.,amazon.com,US,1,2024-01-12T02:35:51+00:00
52.46.143.56,1,Amazon Technologies Inc.,amazon.com,US,0,2023-12-29T21:22:06+00:00
66.254.114.201,2,Reflected Networks Inc.,reflected.net,US,1,2024-01-24T14:49:33+00:00
104.18.101.40,1,CloudFlare Inc.,cloudflare.com,US,0,2024-01-01T18:27:19+00:00
69.175.41.2,2,SingleHop LLC,singlehop.com,US,1,2024-01-18T06:28:20+00:00
159.89.246.130,1,DigitalOcean LLC,digitalocean.com,US,0,2023-12-19T16:00:17+00:00
216.239.32.3,1,Google LLC,google.com,US,0,2024-01-06T09:24:38+00:00
23.227.38.32,28,Shopify Inc.,shopify.com,CA,3,2024-02-06T00:26:28+00:00
23.227.60.200,12,Shopify Inc.,shopify.com,CA,3,2024-01-29T08:31:15+00:00
69.194.240.13,13,Rhythmone LLC,tremorvideo.com,US,13,2024-02-06T13:43:41+00:00
23.227.38.74,53,Shopify Inc.,shopify.com,CA,5,2024-01-29T15:22:19+00:00
38.132.109.115,100,M247 Europe SRL,m247.com,US,88,2024-01-27T14:10:02+00:00
192.0.76.3,3,Automattic Inc,wordpress.com,US,2,2024-01-23T23:24:29+00:00
69.166.1.35,3,Xfernet,xfernet.net,US,4,2024-02-04T14:07:13+00:00
70.42.32.31,3,Unitas Global LLC,unitasglobal.com,US,23,2024-02-07T13:10:48+00:00
80.77.87.162,12,Overoptic Systems Ltd,ipipe.net,US,12,2024-02-06T13:43:41+00:00
104.244.42.5,21,Twitter Inc.,twitter.com,US,2,2024-01-30T00:44:46+00:00
35.190.43.134,20,Google LLC,google.com,US,5,2024-01-26T14:30:59+00:00
192.0.66.60,14,Automattic Inc,wordpress.com,US,2,2024-02-06T02:01:35+00:00
67.199.248.11,23,Bitly Inc,bitly.com,US,18,2024-02-07T13:10:00+00:00
169.197.150.7,29,Deepintent Inc.,deepintent.com,US,8,2024-02-02T13:25:08+00:00
147.135.71.152,11,OVH US LLC,ovh.com,US,21,2024-02-07T13:10:48+00:00
68.67.160.24,3,Xandr Inc.,microsoft.com,US,3,2024-02-02T13:04:52+00:00
35.227.252.103,3,Google LLC,google.com,US,1,2024-01-24T03:05:09+00:00
51.222.39.185,11,OVH Hosting Inc.,ovh.com,CA,17,2024-02-06T13:43:42+00:00
192.0.77.2,9,Automattic Inc,wordpress.com,US,3,2024-01-22T01:18:45+00:00
67.199.248.10,30,Bitly Inc,bitly.com,US,18,2024-02-07T13:09:39+00:00
199.60.103.31,2,HubSpot Inc.,hubspot.com,US,0,2024-01-05T14:55:54+00:00
76.76.21.61,2,Vercel Inc,vercel.com,US,1,2024-01-13T08:21:36+00:00
76.76.21.21,33,Vercel Inc,vercel.com,US,8,2024-02-01T13:16:28+00:00
142.132.140.101,18,Hetzner Online GmbH,hetzner.de,DE,1,2024-01-11T16:11:13+00:00
47.246.22.233,1,Alibaba Cloud LLC,alicloud.com,US,0,2023-12-18T06:00:09+00:00
47.246.22.231,1,Alibaba Cloud LLC,alicloud.com,US,0,2023-12-17T17:00:16+00:00
104.18.72.113,1,CloudFlare Inc.,cloudflare.com,US,0,2024-01-01T09:23:01+00:00
185.199.109.153,22,GitHub Inc.,github.com,US,1,2024-01-19T23:27:00+00:00
184.82.29.13,13,Advanced Info Service Public Company Limited,ais.co.th,TH,2,2024-01-30T05:47:21+00:00
141.193.213.21,27,WPEngine Inc.,wpengine.com,US,2,2024-02-06T23:33:23+00:00
141.193.213.20,8,WPEngine Inc.,wpengine.com,US,0,2024-01-06T22:09:31+00:00
75.2.21.6,1,Amazon.com Inc.,amazon.com,US,0,2024-01-01T17:35:15+00:00
154.47.24.194,22,DataCamp Limited,datacamp.co.uk,GB,5,2024-01-29T15:35:02+00:00
162.159.135.42,11,CloudFlare Inc.,cloudflare.com,US,1,2024-01-21T19:34:42+00:00
196.244.192.226,2,Fiber Grid Inc,fibergrid.eu,FI,0,2024-01-06T01:04:27+00:00
104.244.42.8,2,Twitter Inc.,twitter.com,US,5,2024-01-24T13:44:21+00:00
23.43.242.137,1,Akamai Technologies Inc.,akamai.com,CA,1,2024-01-10T04:57:01+00:00
104.17.74.206,1,CloudFlare Inc.,cloudflare.com,US,0,2023-12-19T14:00:18+00:00
140.82.113.3,11,GitHub Inc.,github.com,US,1,2024-01-23T07:24:54+00:00
140.82.112.3,12,GitHub Inc.,github.com,US,3,2024-02-02T07:36:47+00:00
185.199.109.133,16,GitHub Inc.,github.com,US,6,2024-02-07T13:10:48+00:00
104.17.71.206,1,CloudFlare Inc.,cloudflare.com,US,0,2023-12-19T13:59:44+00:00
45.128.36.202,2,M247 Europe SRL,m247.com,US,1,2024-01-10T14:02:11+00:00
103.125.235.25,3,Owl Limited,owl.net,JP,1,2024-01-29T16:11:25+00:00
136.158.11.154,2,Converge ICT Net Blocks,convergeict.com,PH,1,2024-01-20T10:55:44+00:00
45.133.5.185,18,VPN Consumer,legaconetworks.nl,AU,4,2024-01-22T00:44:51+00:00
31.13.189.227,27,M247 Europe SRL,m247.com,US,18,2024-02-07T06:00:09+00:00
91.90.120.193,16,M247 Europe SRL,m247.com,GL,3,2024-01-19T22:00:09+00:00
185.159.158.100,16,Proton AG,protonmail.ch,IS,10,2024-02-06T11:25:04+00:00
185.223.152.162,3,Invermae Solutions SL,intermanaged.com,US,2,2024-01-22T17:11:11+00:00
146.70.202.67,34,M247 Europe SRL,m247.com,US,29,2024-02-08T01:30:17+00:00
141.255.167.138,24,Private Layer Inc,privatelayer.com,CH,7,2024-02-06T13:03:59+00:00
37.19.211.90,10,DataCamp Limited,datacamp.co.uk,CA,4,2024-01-16T08:31:40+00:00
84.239.27.139,3,Invite Systems SRL,adnet.ro,US,1,2024-02-02T12:36:34+00:00
154.6.85.20,1,LogicWeb Inc,logicweb.com,US,0,2023-12-31T02:30:06+00:00
45.67.96.130,3,E Sydney,legaconetworks.nl,AU,1,2024-01-19T20:15:15+00:00
203.177.97.106,1,Globe Telecom Inc,globe.com.ph,PH,0,2023-12-21T06:12:54+00:00
216.131.82.248,37,NetProtect,netprotect.com,US,9,2024-02-06T05:35:01+00:00
191.96.103.88,20,Cyber Assets Fzco,cyberassets.ae,US,26,2024-02-08T03:12:54+00:00
156.146.36.110,13,DataCamp Limited,cdn77.com,US,2,2024-01-26T04:16:59+00:00
172.94.20.6,17,Secure Internet LLC,purevpn.com,DE,1,2024-01-30T10:01:52+00:00
146.70.198.51,21,M247 Ltd Quebec,m247.com,CA,10,2024-02-05T23:35:03+00:00
37.120.155.18,54,Secure Data Systems SRL,s-data.ro,AT,22,2024-01-28T05:13:07+00:00
45.146.55.82,9,VPN Consumer Atlanta United States of America,panq.nl,US,1,2024-01-10T01:17:42+00:00
102.220.159.180,1,City Channels Cable Network Zambia Limited,simbafiber.co,ZM,0,2024-01-03T08:48:09+00:00
191.96.103.69,3,IPXO,ipxo.com,US,2,2024-02-03T10:34:52+00:00
2.57.168.70,31,VPN Consumer New Jersey United States of America,tnrtechnologies.nl,US,4,2024-02-02T22:10:50+00:00
66.115.147.80,2,Total Server Solutions L.L.C.,totalserversolutions.com,CA,1,2024-01-12T01:34:53+00:00
143.244.47.96,2,DataCamp Limited,datacamp.co.uk,US,1,2024-01-14T11:08:39+00:00
172.56.90.1,3,T-Mobile USA Inc.,t-mobile.com,US,1,2024-02-04T09:57:15+00:00
92.119.36.138,20,Van Veen Beheer B.V.,vanveen.name,US,0,2024-01-03T23:27:22+00:00
104.234.53.198,49,IPXO LLC,ipxo.com,US,2,2024-01-28T01:08:27+00:00
185.217.117.21,2,Legaco Networks B.V.,legaconetworks.nl,GB,1,2024-01-13T06:30:15+00:00
149.18.84.54,1,LogicWeb Inc,logicweb.com,VN,0,2023-12-21T06:41:48+00:00
138.199.60.167,56,DataCamp Limited,datacamp.co.uk,SG,23,2024-02-07T16:29:56+00:00
173.245.209.154,10,NetProtect,netprotect.com,AU,1,2024-02-02T18:33:39+00:00
185.192.71.73,3,Express Equinix London,equinix.com,GB,1,2024-01-26T15:30:17+00:00
89.187.164.242,37,DataCamp s.r.o.,datacamp.sk,US,9,2024-02-07T15:05:07+00:00
208.87.240.21,21,Psychz Networks,psychz.net,US,10,2024-02-05T18:45:03+00:00
198.8.92.99,1,Total Server Solutions L.L.C.,totalserversolutions.com,CA,0,2024-01-04T21:17:26+00:00
149.102.226.226,22,DataCamp Limited,datacamp.co.uk,US,11,2024-02-07T09:45:03+00:00
181.214.166.219,28,Cyber Assets Fzco,cyberassets.ae,US,2,2024-02-02T12:17:16+00:00
192.145.118.17,2,Stumpner Netservice UG (haftungsbeschraenkt),stumpnernet.de,US,2,2024-01-19T03:34:02+00:00
45.144.115.49,49,Customer Allocation HB Client,clouvider.net,US,11,2024-01-23T20:55:05+00:00
173.239.213.9,18,LogicWeb Inc,logicweb.com,US,1,2024-02-06T20:17:07+00:00
91.193.232.165,23,Lamis Ukraine LLC,lamis.net.ua,US,1,2024-01-13T17:23:09+00:00
192.142.226.133,32,LogicWeb Inc,logicweb.com,ID,2,2024-01-31T11:04:36+00:00
77.247.181.213,3,NForce Entertainment B.V.,nforce.com,NL,6,2024-01-29T05:45:13+00:00
138.199.42.170,1,DataCamp Limited,datacamp.co.uk,US,0,2024-01-08T14:08:54+00:00
169.150.203.237,18,DataCamp Limited,datacamp.co.uk,US,3,2024-01-25T10:40:05+00:00
216.131.74.102,1,NetProtect,netprotect.com,US,0,2023-12-24T14:50:54+00:00
169.150.203.202,32,DataCamp Limited,datacamp.co.uk,US,0,2023-12-31T07:16:22+00:00
102.129.252.182,21,Digital Energy Technologies Limited,host1plus.com,US,3,2024-01-28T22:04:01+00:00
162.221.207.104,3,eSecureData,esecuredata.com,CA,1,2024-01-24T19:01:40+00:00
5.253.204.82,0,M247 Europe SRL,m247.com,LU,0,2023-12-09T01:06:15+00:00
89.187.163.211,79,DataCamp s.r.o.,datacamp.sk,SG,18,2024-02-07T17:59:21+00:00
169.150.203.249,17,DataCamp Limited,datacamp.co.uk,US,3,2024-01-18T08:16:48+00:00
193.37.32.196,2,Panq B.V.,panq.nl,SG,0,2024-01-02T01:16:17+00:00
37.218.244.251,2,Greenhost BV,greenhost.nl,US,0,2024-01-05T06:16:16+00:00
193.56.116.53,11,RobbytuProjects,robbytu.net,US,1,2024-02-06T13:02:38+00:00
146.70.76.35,84,M247 Europe SRL,m247.com,JP,41,2024-02-06T20:35:13+00:00
117.200.124.117,15,Bharat Sanchar Nigam Limited,bsnl.in,IN,0,2023-12-29T12:25:27+00:00
138.199.57.45,52,DataCamp Limited,datacamp.co.uk,CA,13,2024-02-06T02:25:05+00:00
185.192.16.22,12,Expres,panq.nl,IE,4,2024-01-24T07:27:53+00:00
84.32.71.2,22,UAB Nacionalinis Telekomunikaciju Tinklas,ntt.lt,TR,10,2024-02-04T20:00:20+00:00
192.30.89.67,73,Tech Futures Interactive Inc.,techfutures.co,CA,21,2024-02-06T22:30:41+00:00
193.56.117.15,13,RobbytuProjects,robbytu.net,US,2,2024-01-23T02:03:09+00:00
149.57.16.47,19,LogicWeb Inc,logicweb.com,US,1,2024-01-10T02:41:16+00:00
194.5.48.110,35,Panq,panq.nl,JP,0,2024-01-06T17:59:11+00:00
146.70.183.131,2,M247 Europe SRL,m247.com,US,1,2024-01-17T09:35:44+00:00
103.137.205.50,2,UGF Worldwide Corporate Center,planetcabletv.com,PH,1,2024-01-09T06:12:47+00:00
136.158.117.244,2,Converge ICT Network,convergeict.com,PH,0,2024-01-05T23:05:27+00:00
41.216.204.114,9,Rain Group Holdings (Pty) Ltd,rain.network,ZA,0,2024-01-08T20:54:15+00:00
31.3.152.100,69,AltusHost B.V.,altushost.com,SE,17,2024-02-02T03:16:22+00:00
146.70.10.59,9,M247 Ltd Costa Rica,m247.com,CR,0,2024-01-07T05:08:00+00:00
89.187.178.153,1,DataCamp s.r.o.,datacamp.sk,US,0,2023-12-31T01:57:32+00:00
157.97.134.6,11,Net1 GmbH,net1.de,US,1,2024-01-31T19:28:05+00:00
46.166.191.28,24,NForce Entertainment B.V.,nforce.com,NL,11,2024-02-07T17:25:12+00:00
188.215.95.211,3,Asociatia Interlan,interlan.ro,US,1,2024-02-04T14:44:01+00:00
45.132.115.179,8,Beleggingsmaatschap V5,code200.global,US,0,2023-12-17T11:38:13+00:00
46.166.191.29,28,NForce Entertainment B.V.,nforce.com,NL,15,2024-02-06T11:25:05+00:00
45.146.55.214,13,VPN Consumer Atlanta United States of America,panq.nl,US,0,2024-01-01T18:41:09+00:00
46.166.191.26,25,NForce Entertainment B.V.,nforce.com,NL,14,2024-02-06T23:55:03+00:00
169.150.203.197,2,DataCamp Limited,datacamp.co.uk,US,1,2024-01-13T02:48:44+00:00
216.131.75.250,39,NetProtect,netprotect.com,US,16,2024-02-07T00:45:04+00:00
181.46.160.18,1,Telecentro S.A. - Clientes Residenciales,telecentro.com.ar,AR,0,2024-01-05T17:22:22+00:00
216.151.180.201,1,NetProtect,netprotect.com,US,0,2023-12-23T22:32:41+00:00
184.170.241.183,11,Performive LLC,performive.com,US,1,2024-02-03T01:05:05+00:00
179.61.240.28,1,IPXO Limited,ipxo.com,NZ,5,2024-01-14T05:22:00+00:00
37.19.200.151,10,DataCamp Limited,datacamp.co.uk,US,1,2024-01-17T21:47:24+00:00
216.131.74.5,1,NetProtect,netprotect.com,US,0,2023-12-26T03:31:01+00:00
41.86.46.76,12,CWS Static Public IPs,cwseychelles.com,SC,3,2024-01-27T01:27:11+00:00
154.47.25.109,1,DataCamp Limited,datacamp.co.uk,US,0,2023-12-31T01:43:42+00:00
102.129.152.61,18,DET Africa (Pty) Ltd,host1plus.com,US,2,2024-02-05T08:03:28+00:00
51.159.99.137,27,Scaleway,scaleway.com,FR,6,2024-02-07T02:29:02+00:00
46.166.191.27,26,NForce Entertainment B.V.,nforce.com,NL,11,2024-02-07T07:45:04+00:00
185.152.66.139,26,DataCamp Limited,datacamp.co.uk,US,4,2024-01-29T17:25:02+00:00
46.166.191.25,25,NForce Entertainment B.V.,nforce.com,NL,13,2024-02-05T14:15:08+00:00
37.19.210.19,8,DataCamp Limited,datacamp.co.uk,US,0,2023-12-17T10:45:06+00:00
179.61.245.32,21,IPXO,ipxo.com,MX,4,2024-01-10T06:09:10+00:00
91.245.254.150,1,M247 Europe SRL,m247.com,CA,0,2023-12-17T22:24:28+00:00
196.188.51.240,51,Ethio Telecom,ethiotelecom.et,ET,11,2024-02-06T14:30:51+00:00
149.57.16.48,36,LogicWeb Inc,logicweb.com,US,0,2024-01-07T00:02:46+00:00
152.89.162.178,3,M247 Europe SRL,m247.com,CH,3,2024-01-27T22:45:07+00:00
169.150.208.134,21,DataCamp Limited,datacamp.co.uk,SE,9,2024-02-07T09:15:05+00:00
146.70.202.99,28,M247 Europe SRL,m247.com,US,9,2024-02-07T12:30:09+00:00
41.220.200.253,2,To Public VPN,mcel.co.mz,MZ,0,2024-01-02T14:42:14+00:00
92.119.177.24,58,M247 Europe SRL,m247.com,US,14,2024-02-07T12:00:09+00:00
165.231.210.172,8,Fiber Grid Inc,fibergrid.eu,US,2,2024-01-11T11:59:57+00:00
103.108.231.19,12,Alpha Layer Pty Ltd,flowvps.com,AU,1,2024-02-04T21:47:31+00:00
185.252.221.60,9,M247 Europe SRL,m247.com,SG,1,2024-01-12T20:54:38+00:00
45.132.225.132,12,Syndesi Networks B.V.,syndesi-networks.nl,AU,2,2024-01-28T20:43:24+00:00
191.96.106.174,3,IPXO,ipxo.com,US,2,2024-02-03T06:15:38+00:00
45.67.96.160,1,E Sydney,legaconetworks.nl,AU,0,2023-12-26T17:18:11+00:00
2.57.168.144,30,VPN Consumer New Jersey United States of America,tnrtechnologies.nl,US,2,2024-01-17T02:25:18+00:00
85.203.15.90,22,Falco Networks B.V.,falco-networks.com,DE,10,2024-02-01T22:05:03+00:00
219.100.37.238,24,SoftEther Corporation,softether.org,JP,4,2024-02-04T17:00:53+00:00
146.70.175.62,9,M247 Europe SRL,m247.com,NL,0,2024-01-06T17:30:06+00:00
213.55.83.122,15,Ethio Telecom,ethiotelecom.et,ET,1,2024-02-07T08:30:04+00:00
178.212.32.63,4,Packethub S.A.,nordvpn.com,NL,1,2024-02-01T21:58:17+00:00
45.89.173.180,1,M247 Europe SRL,m247.com,US,0,2023-12-26T00:14:21+00:00
85.203.34.28,3,Falco Networks B.V.,falco-networks.com,GB,2,2024-01-31T15:44:51+00:00
146.70.112.124,30,M247 Ltd Quebec Infrastructure,m247.com,CA,7,2024-02-05T00:45:06+00:00
45.132.225.117,2,Syndesi Networks B.V.,syndesi-networks.nl,AU,1,2024-01-09T14:45:47+00:00
209.58.173.138,71,LeaseWeb Asia Pacific Pte. Ltd.,leaseweb.com,SG,22,2024-02-02T03:03:56+00:00
146.70.42.142,43,M247 Europe SRL,m247.com,DK,4,2024-01-29T13:35:48+00:00
46.166.179.212,63,NForce Entertainment B.V.,nforce.com,NL,25,2024-01-31T10:57:00+00:00
192.142.227.17,17,X-DSL Networking Solutions,xdslnet.co.za,MN,2,2024-01-26T20:08:11+00:00
138.199.60.173,1,DataCamp Limited,datacamp.co.uk,SG,0,2023-12-19T19:03:00+00:00
216.24.219.212,22,IPXO LLC,ipxo.com,US,2,2024-01-21T15:48:29+00:00
5.255.106.9,100,The Infrastructure Group B.V.,theinfrastructure.group,NL,593,2024-02-08T02:09:56+00:00
185.220.100.253,100,F3 Netze E.V.,f3netze.de,DE,167,2024-02-08T02:27:09+00:00
80.78.25.9,29,AB Stract,abstract.fi,SE,5,2024-01-25T14:20:59+00:00
185.220.101.55,100,Zwiebelfreunde E.V.,zwiebelfreunde.de,NL,50,2024-02-07T20:53:28+00:00
185.220.101.178,100,Zwiebelfreunde E.V.,zwiebelfreunde.de,NL,577,2024-02-08T01:56:31+00:00
216.151.183.9,1,NetProtect,netprotect.com,US,0,2023-12-20T01:28:14+00:00
84.247.102.6,48,iNES GROUP SRL,ines.ro,KR,0,2023-12-21T04:29:41+00:00
92.119.16.75,1,Customer Allocation HB Client,clouvider.net,US,0,2023-12-24T03:22:46+00:00
185.192.16.21,24,Expres,panq.nl,IE,6,2024-01-29T06:54:22+00:00
182.61.24.110,9,Beijing Baidu Netcom Science and Technology Co. Ltd.,baidu.com,CN,2,2024-01-18T18:26:45+00:00
173.239.224.197,11,PowerHost LLC,powerhost.cl,US,1,2024-02-02T17:16:59+00:00
193.19.207.95,25,IP Resources Trading SRL,ipv4-trading.ro,US,4,2024-02-01T15:35:02+00:00
192.142.226.153,34,X-DSL Networking Solutions,xdslnet.co.za,ID,8,2024-02-01T09:37:36+00:00
45.133.193.44,18,EstNOC Global,estnoc.ee,IS,6,2024-01-31T09:04:12+00:00
185.253.97.211,9,M247 Europe SRL,m247.com,DE,0,2023-12-26T14:40:55+00:00
172.98.89.162,11,Total Server Solutions L.L.C.,totalserversolutions.com,CA,1,2024-01-19T08:04:27+00:00
192.30.89.51,61,Tech Futures Interactive Inc.,techfutures.co,CA,22,2024-02-02T22:15:10+00:00
104.250.183.4,15,Secure Internet LLC,purevpn.com,NL,0,2024-01-07T10:16:53+00:00
188.240.57.96,10,Hydra Communications Ltd,zare.com,GB,0,2024-01-08T03:35:02+00:00
193.36.225.32,4,Panq B.V.,panq.nl,US,1,2024-01-31T03:17:44+00:00
185.223.152.152,3,Invermae Solutions SL,intermanaged.com,US,2,2024-01-22T18:33:39+00:00
85.203.15.15,41,Falco Networks B.V.,falco-networks.com,DE,9,2024-02-05T02:05:41+00:00
103.219.21.35,11,Customer Allocation HB Client,clouvider.net,GB,1,2024-01-19T15:20:06+00:00
146.70.204.163,19,M247 Europe SRL,m247.com,GB,3,2024-02-01T21:04:48+00:00
185.108.105.140,10,HostRoyale Technologies Pvt Ltd,hostroyale.com,GB,2,2024-01-30T13:03:05+00:00
146.70.175.68,17,M247 Europe SRL,m247.com,NL,3,2024-01-20T03:28:02+00:00
45.134.224.27,2,TT1 Datacenter UG (haftungsbeschraenkt),tt1-datacenter.de,US,1,2024-01-09T14:29:44+00:00
89.187.182.20,31,DataCamp s.r.o.,datacamp.sk,US,0,2023-12-21T03:20:48+00:00
194.33.45.113,37,Customer Allocation HB Client,clouvider.net,US,4,2024-01-30T00:39:55+00:00
191.101.217.11,14,IPXO,ipxo.com,FR,3,2024-02-05T16:06:27+00:00
181.214.199.142,3,IPXO,ipxo.com,AU,1,2024-01-26T23:19:17+00:00
176.125.230.28,10,M247 Europe SRL,m247.com,MT,1,2024-01-15T13:25:02+00:00
212.102.52.3,2,DataCamp Limited,cdn77.com,GB,1,2024-01-09T14:28:46+00:00
192.145.124.6,37,M247 Europe SRL,m247.com,ES,11,2024-01-30T01:42:52+00:00
185.108.105.110,18,HostRoyale Technologies Pvt Ltd,hostroyale.com,GB,2,2024-01-14T08:05:44+00:00
45.91.23.22,28,VPN Consumer CA,panq.nl,CA,5,2024-02-05T23:37:23+00:00
103.51.154.24,3,Future Solutions,futuresolutions.gr,IN,1,2024-02-01T06:37:44+00:00
188.240.57.108,23,Hydra Communications Ltd,zare.com,GB,4,2024-01-25T09:14:55+00:00
84.247.59.146,50,Noop LLC,noop.net,DE,6,2024-02-06T08:08:11+00:00
103.164.188.113,20,Gazillio Concepts Pvt Ltd,excitel.com,IN,3,2024-01-19T08:38:05+00:00
146.70.207.208,37,M247 Ltd Stockholm,m247.com,SE,8,2024-02-06T17:48:30+00:00
212.30.37.116,18,M Nets SAL,mnets.net,NL,2,2024-02-04T13:03:58+00:00
178.239.172.58,16,Hydra Communications Ltd,zare.com,GB,3,2024-01-16T23:55:01+00:00
216.131.117.31,1,Strong Technology LLC,strongvpn.com,GB,0,2023-12-27T02:45:38+00:00
117.233.175.108,19,Bharat Sanchar Nigam Limited,bsnl.in,IN,4,2024-01-17T12:03:41+00:00
103.137.15.44,2,Streamline Servers Pty Ltd - Melbourne,gslnetworks.com.au,AU,3,2024-01-22T18:32:05+00:00
188.240.57.102,14,Hydra Communications Ltd,zare.com,GB,2,2024-01-16T04:10:02+00:00
81.17.19.62,23,Private Layer Inc,privatelayer.com,CH,9,2024-02-06T22:05:55+00:00
45.139.6.87,2,Parsun Network Solutions Pty Ltd,parsun.com,AU,1,2024-01-10T15:21:34+00:00
216.131.76.119,8,NetProtect,netprotect.com,US,0,2023-12-27T02:50:42+00:00
105.234.148.194,2,Airtel Malawi Network,airtel.com,MW,1,2024-02-04T10:06:52+00:00
188.240.57.124,11,Hydra Communications Ltd,zare.com,GB,2,2024-01-22T08:02:52+00:00
45.131.195.115,19,Van Veen Beheer B.V.,vanveen.name,US,2,2024-01-16T21:05:18+00:00
45.133.172.112,13,IPXO Limited,ipxo.com,GB,0,2023-12-29T08:36:54+00:00
5.62.49.101,56,Privax Ltd,hidemyass.com,US,10,2024-02-07T23:27:07+00:00
103.140.98.33,2,Jahangirnagar University,juniv.edu,BD,1,2024-01-21T03:20:05+00:00
45.133.192.178,1,EstNOC Global,estnoc.ee,IS,0,2023-12-26T10:12:44+00:00
138.199.29.153,2,DataCamp Limited,datacamp.co.uk,GB,1,2024-01-14T11:23:04+00:00
165.231.182.31,1,Fiber Grid Inc,fibergrid.eu,EE,0,2023-12-22T11:33:03+00:00
85.204.70.116,33,Hydra Communications Ltd,zare.com,FR,17,2024-02-07T21:05:20+00:00
77.247.126.189,3,Customer Allocation HB Client,clouvider.net,US,1,2024-02-02T15:09:12+00:00
178.238.10.241,8,Customer Allocation HB Client,clouvider.net,GB,0,2023-12-28T09:06:54+00:00
212.102.53.88,57,DataCamp Limited,cdn77.com,GB,1,2024-02-07T10:15:06+00:00
143.244.42.103,28,DataCamp Limited,cdn77.com,NL,6,2024-02-06T21:25:08+00:00
196.247.50.52,2,Fiber Grid Inc,fibergrid.eu,US,1,2024-01-23T09:29:21+00:00
216.131.105.138,2,NetProtect,netprotect.com,US,1,2024-01-17T21:09:26+00:00
185.65.135.139,18,31173 Services AB,31173.se,SE,12,2024-01-21T05:39:50+00:00
45.67.96.6,18,E Sydney,legaconetworks.nl,AU,1,2024-01-22T22:06:48+00:00
185.238.231.205,3,Invermae Solutions SL,intermanaged.com,US,1,2024-01-30T06:12:34+00:00
185.65.135.167,18,31173 Services AB,31173.se,SE,4,2024-01-24T12:30:07+00:00
193.36.224.67,12,Panq B.V.,panq.nl,US,1,2024-02-05T21:43:08+00:00
103.137.15.30,4,Streamline Servers Pty Ltd - Melbourne,gslnetworks.com.au,AU,1,2024-02-02T05:01:50+00:00
136.144.42.184,24,Panq B.V.,panq.nl,US,2,2024-01-20T02:34:08+00:00
188.240.57.104,20,Hydra Communications Ltd,zare.com,GB,3,2024-01-22T00:40:25+00:00
45.86.203.17,19,Panq,panq.nl,GB,0,2023-12-13T12:42:47+00:00
138.199.55.34,11,DataCamp Limited,datacamp.co.uk,SE,3,2024-01-18T12:00:07+00:00
149.40.50.220,24,DataCamp Limited,datacamp.co.uk,US,4,2024-02-02T00:35:01+00:00
185.44.77.69,10,Hydra Communications Ltd,zare.com,GB,4,2024-01-30T01:55:51+00:00
103.75.11.60,15,Host Universal Pty Ltd,hostuniversal.com.au,NZ,1,2024-01-12T16:44:04+00:00
212.102.60.152,2,DataCamp Limited,cdn77.com,US,0,2024-01-05T05:20:08+00:00
217.146.83.87,15,Hydra Communications Ltd,zare.com,GB,2,2024-02-06T06:33:36+00:00
212.102.48.11,25,DataCamp Limited,cdn77.com,ES,4,2024-02-07T19:20:42+00:00
149.88.19.7,34,DataCamp Limited,datacamp.co.uk,DE,1,2024-01-27T11:41:58+00:00
188.240.57.118,15,Hydra Communications Ltd,zare.com,GB,3,2024-02-01T00:02:37+00:00
141.98.252.232,67,31173 Services AB,31173.se,GB,17,2024-02-03T02:35:53+00:00
154.6.94.18,15,LogicWeb Inc,logicweb.com,US,1,2024-02-07T23:09:57+00:00
149.34.244.240,18,DataCamp Limited,datacamp.co.uk,NL,0,2023-12-30T23:19:53+00:00
37.140.254.132,10,LayerSwitch B.V.,layerswitch.com,CH,1,2024-01-22T10:12:58+00:00
146.70.198.3,11,M247 Ltd Quebec,m247.com,CA,12,2024-01-24T13:00:10+00:00
102.129.232.149,1,Digital Energy Technologies Limited,host1plus.com,US,0,2023-12-22T21:01:33+00:00
185.223.152.5,10,Invermae Solutions SL,intermanaged.com,US,1,2024-01-15T07:03:48+00:00
185.223.152.147,12,Invermae Solutions SL,intermanaged.com,US,2,2024-02-03T15:13:29+00:00
103.219.21.25,2,Customer Allocation HB Client,clouvider.net,GB,1,2024-01-10T03:45:02+00:00
156.146.55.175,50,DataCamp Limited,cdn77.com,BG,8,2024-02-03T03:48:34+00:00
45.136.154.251,28,DataCamp Limited,datacamp.co.uk,CA,7,2024-01-28T16:35:52+00:00
146.70.182.54,28,M247 Europe SRL,m247.com,IT,3,2024-01-24T09:22:42+00:00
188.126.94.214,30,GleSYS AB,glesys.se,DK,5,2024-02-04T06:49:48+00:00
154.6.92.8,1,LogicWeb Inc,logicweb.com,US,0,2023-12-31T01:42:04+00:00
89.149.39.151,2,iNES GROUP SRL,ines.ro,GB,1,2024-01-14T11:02:04+00:00
45.15.16.52,41,Nessla AB,nessla.se,SE,29,2024-02-06T00:33:58+00:00
45.133.172.75,28,IPXO Limited,ipxo.com,GB,1,2024-01-09T16:02:19+00:00
138.199.29.161,2,DataCamp Limited,datacamp.co.uk,GB,1,2024-01-17T08:35:02+00:00
172.56.161.186,2,T-Mobile USA Inc.,t-mobile.com,US,0,2024-01-05T14:16:32+00:00
213.152.162.89,100,Global Layer B.V.,global-layer.com,NL,134,2024-02-07T13:25:41+00:00
193.37.33.173,14,Panq B.V.,panq.nl,US,0,2023-12-10T22:00:27+00:00
91.90.124.25,18,M247 Europe SRL,m247.com,IM,3,2024-02-08T03:07:24+00:00
45.86.203.16,22,Panq,panq.nl,GB,0,2024-01-03T11:16:02+00:00
191.101.174.160,10,IPXO,ipxo.com,US,1,2024-02-03T09:47:04+00:00
103.156.152.78,19,Dotcom International Pvt. Limited,dotcombroadband.net,PK,3,2024-01-29T19:40:51+00:00
45.133.5.48,11,VPN Consumer,legaconetworks.nl,AU,2,2024-01-21T09:16:26+00:00
41.209.57.189,22,MTN Business Kenya,mtnbusiness.co.ke,KE,3,2024-02-06T06:55:04+00:00
125.164.20.207,2,PT Telkom Indonesia,telkom.co.id,ID,0,2024-01-09T02:05:38+00:00
98.128.186.112,2,Bahnhof AB,bahnhof.se,SE,1,2024-01-14T10:34:55+00:00
191.96.37.208,3,Cyber Assets Fzco,cyberassets.ae,US,1,2024-02-02T01:42:04+00:00
185.183.34.96,18,WorldStream B.V.,worldstream.nl,NL,3,2024-02-04T07:37:49+00:00
185.198.240.19,30,Legaco Networks B.V.,legaconetworks.nl,FR,5,2024-01-17T01:10:13+00:00
196.247.24.20,11,Fiber Grid Inc,fibergrid.eu,US,5,2024-02-07T18:25:05+00:00
185.90.171.251,2,Libatech SAL,libatech.com.lb,LB,3,2024-01-13T05:12:41+00:00
202.67.40.249,17,PT Hutchison CP Telecommunications,three.co.id,ID,2,2024-02-05T01:08:22+00:00
182.18.207.157,2,SKYBroadband,skybroadband.com.ph,PH,1,2024-01-13T09:14:22+00:00
45.9.248.132,2,M247 Europe SRL,m247.com,GB,0,2024-01-05T02:24:08+00:00
216.151.180.105,1,NetProtect,netprotect.com,US,0,2023-12-19T10:07:39+00:00
181.214.167.147,3,Cyber Assets Fzco,cyberassets.ae,US,1,2024-02-02T21:30:01+00:00
5.226.139.140,15,Hydra Communications Ltd,zare.com,GB,1,2024-02-02T00:05:51+00:00
154.6.13.49,3,LogicWeb Inc,logicweb.com,US,1,2024-01-29T18:07:44+00:00
5.182.110.252,1,IPXO Limited,ipxo.com,US,0,2023-12-19T17:29:31+00:00
185.204.1.186,26,Network Management Ltd,kompromiss.ru,FI,4,2024-01-27T03:04:26+00:00
185.184.228.132,2,HostRoyale Technologies Pvt Ltd,hostroyale.com,US,1,2024-01-10T10:10:09+00:00
181.94.248.126,24,Telecom Argentina S.A.,telecom.com.ar,PY,0,2024-01-08T17:21:57+00:00
194.32.120.151,3,VPN Consumer GB,vpnconsumer.com,GB,1,2024-01-29T03:10:51+00:00
202.67.41.227,2,PT Hutchison CP Telecommunications,three.co.id,ID,1,2024-01-16T05:07:53+00:00
45.131.195.73,24,Van Veen Beheer B.V.,vanveen.name,US,1,2024-01-15T00:29:06+00:00
134.19.179.179,82,Global Layer B.V.,global-layer.com,NL,45,2024-02-06T18:02:45+00:00
109.93.191.210,1,Telekom Srbija,telekom.rs,RS,0,2023-12-19T10:41:09+00:00
217.146.83.100,12,Hydra Communications Ltd,zare.com,GB,4,2024-01-25T16:00:09+00:00
102.165.16.160,3,Digital Energy Technologies Chile Spa,host1plus.com,US,1,2024-02-01T19:02:17+00:00
154.6.84.15,2,LogicWeb Inc,logicweb.com,US,1,2024-01-31T15:39:11+00:00
125.164.16.213,3,PT Telkom Indonesia,telkom.co.id,ID,1,2024-01-30T05:49:49+00:00
5.62.41.26,3,Privax Ltd,hidemyass.com,DE,2,2024-01-30T23:07:32+00:00
184.170.242.217,3,Performive LLC,performive.com,US,1,2024-02-02T10:03:01+00:00
76.64.13.30,57,Bell Canada,bell.ca,CA,12,2024-02-06T13:46:00+00:00
102.0.3.110,24,Airtel Networks Kenya Limited,airtel.com,KE,1,2024-01-27T09:11:20+00:00
98.159.33.36,47,Epik Holdings Inc,epik.com,US,3,2024-01-30T17:00:08+00:00
45.132.115.242,18,Beleggingsmaatschap V5,code200.global,US,0,2023-12-17T05:42:05+00:00
173.245.209.153,1,NetProtect,netprotect.com,AU,0,2023-12-22T01:43:49+00:00
185.232.21.34,0,M247 Europe SRL,m247.com,BE,0,2023-12-20T01:23:34+00:00
213.248.112.38,1,Privat Kommunikation Sverige AB,privatevpn.com,GB,0,2024-01-04T12:04:35+00:00
103.209.255.85,10,Shacham St 40 Petah Tikva Israel,as62651.net,IL,0,2024-01-05T02:15:03+00:00
89.47.234.26,2,M247 Europe SRL,m247.com,CA,0,2024-01-01T20:20:08+00:00
45.141.123.110,2,Koehler Internet Services UG (haftungsbeschraenkt),ki-services.de,FR,0,2024-01-06T04:41:37+00:00
216.73.160.179,54,Bandito Networks Inc,bandito.net,US,8,2024-02-07T09:04:56+00:00
84.239.45.10,8,Invite Systems SRL,adnet.ro,US,0,2023-12-28T04:06:18+00:00
216.73.161.66,58,Bandito Networks Inc,bandito.net,US,2,2024-02-03T06:20:05+00:00
185.174.159.114,11,HostRoyale Technologies Pvt Ltd,hostroyale.com,EE,1,2024-01-21T03:29:20+00:00
193.32.249.169,9,31173 Services AB,31173.se,NL,0,2023-12-23T06:46:31+00:00
181.214.94.51,3,Cyber Assets Fzco,cyberassets.ae,US,1,2024-02-01T18:15:13+00:00
149.57.7.10,1,LogicWeb Inc,logicweb.com,TH,0,2024-01-01T17:06:59+00:00
176.113.74.74,3,M247 Europe SRL,m247.com,CA,1,2024-01-29T03:31:02+00:00
5.62.49.83,57,Privax Ltd,hidemyass.com,US,2,2024-01-29T04:19:56+00:00
193.138.218.222,3,31173 Services AB,31173.se,SE,4,2024-01-20T05:10:10+00:00
146.70.186.134,29,M247 Europe SRL,m247.com,US,3,2024-02-05T09:58:50+00:00
103.219.21.17,9,Customer Allocation HB Client,clouvider.net,GB,1,2024-01-10T01:50:02+00:00
45.133.5.125,1,VPN Consumer,legaconetworks.nl,AU,0,2024-01-03T01:39:11+00:00
213.152.186.40,81,Global Layer B.V.,global-layer.com,NL,49,2024-02-07T20:48:44+00:00
216.151.184.21,12,Netpr LON DP,as54203.net,GB,2,2024-01-27T02:59:11+00:00
192.142.226.137,32,X-DSL Networking Solutions,xdslnet.co.za,ID,7,2024-01-12T23:22:24+00:00
194.33.45.75,35,1337 Services GmbH,rdp.sh,NL,8,2024-01-31T00:02:17+00:00
156.146.56.136,62,DataCamp Limited,cdn77.com,SG,20,2024-02-07T16:29:36+00:00
125.164.21.199,1,PT Telkom Indonesia,telkom.co.id,ID,0,2023-12-19T08:07:11+00:00
212.193.61.22,8,Trader Soft LLC,simplecloud.club,RU,2,2024-01-23T11:38:27+00:00
27.34.49.159,11,Worldlink Communications,wlnet.com,NP,2,2024-01-19T14:39:56+00:00
85.203.47.31,3,Falco Networks B.V.,falco-networks.com,DK,1,2024-01-30T04:19:30+00:00
139.28.176.164,2,M247 Europe SRL,m247.com,GB,1,2024-01-10T16:00:04+00:00
62.182.82.10,64,Virtual Systems LLC,v-sys.org,UA,15,2024-02-06T17:25:17+00:00
188.126.94.231,27,GleSYS AB,glesys.se,DK,7,2024-01-15T19:37:22+00:00
102.129.232.245,2,Digital Energy Technologies Limited,host1plus.com,US,2,2024-01-15T09:21:56+00:00
154.47.19.194,3,DataCamp Limited,datacamp.co.uk,AT,3,2024-02-06T22:12:26+00:00
45.94.211.22,2,Stumpner Netservice UG (haftungsbeschraenkt),stumpnernet.de,DE,1,2024-01-14T02:40:54+00:00
116.1.206.139,38,ChinaNet Guangxi Province Network,chinatelecom.com.cn,CN,8,2024-01-20T19:30:47+00:00
195.140.213.240,2,Hydra Communications Ltd,zare.com,GB,1,2024-01-14T21:15:43+00:00
79.101.120.152,4,Telekom Srbija,telekom.rs,RS,1,2024-02-06T20:54:03+00:00
37.19.211.93,27,DataCamp Limited,datacamp.co.uk,CA,8,2024-02-05T02:38:09+00:00
104.255.173.144,18,Tier.Net Technologies LLC,tier.net,US,3,2024-02-05T20:05:01+00:00
216.73.160.149,66,Bandito Networks Inc,bandito.net,US,11,2024-01-29T13:46:24+00:00
91.193.232.35,16,Lamis Ukraine LLC,lamis.net.ua,US,2,2024-01-13T20:31:00+00:00
105.163.2.27,2,Safaricom Limited,safaricom.co.ke,KE,1,2024-01-11T09:51:24+00:00
45.133.5.207,3,VPN Consumer,legaconetworks.nl,AU,1,2024-02-04T14:34:33+00:00
102.64.70.157,10,Net Solutions Limited,cnet-solutions.co.uk,TZ,0,2024-01-04T19:45:24+00:00
154.6.80.13,16,LogicWeb Inc,logicweb.com,US,0,2024-01-02T22:56:32+00:00
154.6.94.24,9,LogicWeb Inc,logicweb.com,US,0,2024-01-02T19:29:49+00:00
103.146.84.126,16,Alifa Cyber Cafe,alifanet.com,BD,1,2024-01-31T11:43:07+00:00
104.244.210.62,2,Windscribe Limited,windscribe.com,CA,1,2024-01-14T05:47:16+00:00
162.253.131.106,3,Amanah Tech Inc.,amanah.com,CA,1,2024-01-22T05:35:28+00:00
98.159.234.38,3,Epik Holdings Inc,epik.com,GB,1,2024-01-25T18:25:03+00:00
175.176.38.136,2,Smart Broadband Incorporated,smart.com.ph,PH,1,2024-01-16T23:47:45+00:00
154.6.95.20,8,LogicWeb Inc,logicweb.com,US,0,2023-12-28T12:54:38+00:00
103.226.5.85,13,Balaji Internet-Dombivli,balajiinternet.com,IN,2,2024-02-03T23:48:37+00:00
86.48.8.9,10,Packethub S.A.,nordvpn.com,AU,0,2024-01-02T17:11:09+00:00
102.213.179.31,44,Next Thing Networks Limited,nextthingnetworks.co.ke,KE,9,2024-02-04T10:11:22+00:00
95.181.238.110,28,M247 Europe SRL,m247.com,BS,2,2024-01-14T13:30:06+00:00
216.131.89.63,37,NetProtect,netprotect.com,NL,14,2024-02-07T22:25:04+00:00
216.131.89.61,43,NetProtect,netprotect.com,NL,12,2024-02-06T09:45:09+00:00
197.250.63.147,3,Vodacom Tanzania Ltd,vodacom.co.tz,TZ,1,2024-01-26T12:44:27+00:00
154.6.83.144,100,LogicWeb Inc,logicweb.com,US,645,2024-02-04T03:05:06+00:00
136.144.35.237,8,Panq B.V.,panq.nl,US,0,2023-12-28T07:55:12+00:00
85.237.194.151,3,Howick Digital,howickdigital.com,US,1,2024-02-05T19:52:14+00:00
64.64.123.55,13,VPN Consumer Network,vpnconsumer.com,GB,7,2024-01-28T21:59:44+00:00
37.140.254.220,19,LayerSwitch B.V.,layerswitch.com,CH,3,2024-02-08T02:17:58+00:00
217.146.82.235,2,Hydra Communications Ltd,zare.com,GB,1,2024-01-13T23:48:33+00:00
103.58.74.62,2,Business Network,bnet-bd.com,BD,1,2024-01-19T11:27:26+00:00
212.30.37.28,13,M Nets SAL,mnets.net,NL,5,2024-01-29T14:54:31+00:00
45.130.83.108,54,VPN Consumer New York City United States of America,legaconetworks.nl,US,1,2024-01-21T22:15:45+00:00
181.214.165.5,11,IPXO,ipxo.com,US,1,2024-02-05T22:41:48+00:00
216.73.161.138,50,Bandito Networks Inc,bandito.net,US,4,2024-02-04T23:10:31+00:00
45.8.17.12,20,VPN Consumer Network,vpnconsumer.com,NL,3,2024-02-06T20:54:05+00:00
103.26.247.145,1,SCL IIG Network- SCL ITC CLient,summitcommunications.net,BD,0,2023-12-27T20:00:28+00:00
199.36.158.100,27,Google LLC,google.com,US,5,2024-02-05T17:31:56+00:00
34.224.172.222,1,Amazon Technologies Inc.,amazon.com,US,0,2024-01-03T10:55:04+00:00
89.149.26.92,3,iNES GROUP SRL,ines.ro,US,1,2024-02-03T05:05:21+00:00
105.163.156.110,3,Safaricom Limited,safaricom.co.ke,KE,1,2024-01-21T02:01:58+00:00
105.163.156.242,11,Safaricom Limited,safaricom.co.ke,KE,2,2024-01-19T05:41:34+00:00
142.251.167.139,8,Google LLC,google.com,US,0,2023-12-15T15:13:25+00:00
140.82.113.4,10,GitHub Inc.,github.com,US,2,2024-02-02T07:36:53+00:00
185.199.111.154,12,GitHub Inc.,github.com,US,2,2024-02-03T21:59:05+00:00
185.199.108.133,25,GitHub Inc.,github.com,US,8,2024-02-03T21:59:05+00:00
181.214.166.211,3,IPXO,ipxo.com,US,1,2024-02-01T17:14:29+00:00
185.199.110.133,14,GitHub Inc.,github.com,US,9,2024-02-08T03:16:22+00:00
140.82.114.4,12,GitHub Inc.,github.com,US,2,2024-01-26T13:09:48+00:00
140.82.114.3,11,GitHub Inc.,github.com,US,3,2024-02-06T08:08:38+00:00
140.82.112.4,19,GitHub Inc.,github.com,US,4,2024-02-04T03:57:36+00:00
208.111.182.1,1,Limelight Networks Inc.,limelight.com,CA,1,2024-01-09T23:12:58+00:00
198.252.206.25,16,Stack Exchange Inc.,stackexchange.com,US,1,2024-01-28T14:25:44+00:00
136.144.35.189,9,Panq B.V.,panq.nl,US,0,2024-01-02T08:08:34+00:00
185.199.111.133,26,GitHub Inc.,github.com,US,3,2024-02-06T05:32:06+00:00
103.137.14.236,4,Streamline Servers Pty Ltd - Melbourne,gslnetworks.com.au,AU,1,2024-02-01T04:16:39+00:00
191.96.106.45,3,IPXO,ipxo.com,US,1,2024-02-03T16:57:45+00:00
156.146.36.107,35,DataCamp Limited,datacamp.co.uk,US,3,2024-01-31T02:17:08+00:00
113.211.210.190,2,Maxis Broadband Sdn Bhd,maxis.net.my,MY,1,2024-01-12T09:25:17+00:00
51.159.110.188,3,Scaleway,scaleway.com,FR,1,2024-02-01T15:31:38+00:00
197.94.217.210,21,Dimension Data,dimensiondata.com,ZA,3,2024-01-26T13:31:07+00:00
191.101.61.68,15,IPXO,ipxo.com,US,1,2024-01-29T16:01:55+00:00
213.152.161.101,77,Global Layer B.V.,global-layer.com,NL,52,2024-02-06T01:25:10+00:00
195.181.172.249,2,DataCamp Limited,datacamp.co.uk,NL,1,2024-01-12T02:40:02+00:00
45.133.5.76,16,VPN Consumer,legaconetworks.nl,AU,1,2024-01-25T12:01:16+00:00
94.46.13.81,13,Almouroltec Servicos de Informatica e Internet Lda,ptisp.pt,PT,9,2024-02-05T01:43:46+00:00
191.96.67.242,12,IPXO,ipxo.com,US,2,2024-02-02T12:36:27+00:00
167.99.103.222,2,DigitalOcean LLC,digitalocean.com,US,1,2024-01-15T19:22:32+00:00
46.246.122.170,18,GleSYS AB,glesys.se,NO,2,2024-02-05T23:53:04+00:00
96.9.246.194,11,Nexeon Technologies Inc.,nexeontech.com,US,1,2024-02-03T02:05:18+00:00
193.187.91.20,36,OBEHosting AB,obehosting.com,SE,7,2024-02-05T12:59:19+00:00
46.246.122.37,14,GleSYS AB,glesys.se,NO,2,2024-02-01T21:04:32+00:00
78.130.175.33,3,ITD Network,cooolbox.bg,BG,1,2024-02-04T11:20:24+00:00
195.181.171.244,1,DataCamp Limited,cdn77.com,US,0,2023-12-26T16:21:15+00:00
196.188.76.100,52,Ethio Telecom,ethiotelecom.et,ET,23,2024-02-08T02:13:07+00:00
152.89.162.194,19,M247 Europe SRL,m247.com,CH,10,2024-02-05T21:41:18+00:00
216.151.191.75,7,NetProtect,netprotect.com,US,0,2023-12-24T08:12:06+00:00
37.19.211.8,2,DataCamp Limited,datacamp.co.uk,CA,7,2024-01-11T15:25:27+00:00
195.154.166.20,3,Scaleway,scaleway.com,FR,1,2024-01-25T04:09:09+00:00
157.97.121.193,26,A&F Networks B.V.,falco-networks.com,US,2,2024-01-30T02:10:02+00:00
45.131.193.166,2,Van Veen Beheer B.V.,vanveen.name,US,0,2024-01-02T22:30:04+00:00
45.133.5.21,11,VPN Consumer,legaconetworks.nl,AU,2,2024-01-20T03:12:11+00:00
45.91.23.46,3,VPN Consumer CA,panq.nl,CA,1,2024-01-30T15:18:03+00:00
207.204.228.201,3,NetProtect,netprotect.com,US,1,2024-01-26T13:14:34+00:00
37.120.155.2,18,Secure Data Systems SRL,s-data.ro,AT,3,2024-02-03T07:41:24+00:00
138.199.57.52,35,DataCamp Limited,datacamp.co.uk,CA,15,2024-01-22T18:24:40+00:00
195.181.171.242,1,DataCamp Limited,cdn77.com,US,0,2023-12-22T08:30:19+00:00
154.6.147.236,10,LogicWeb Inc,logicweb.com,AU,1,2024-01-19T20:58:54+00:00
186.167.80.238,42,Corporacion Digitel C.A.,digitel.net.ve,VE,11,2024-02-04T23:47:38+00:00
83.136.182.172,3,Packethub S.A.,nordvpn.com,US,1,2024-01-27T19:53:05+00:00
185.236.200.211,2,M247 Europe SRL,m247.com,US,1,2024-01-20T13:33:53+00:00
170.254.173.2,26,Telecomunicaciones Rocarli C.A,cix.net.ve,VE,4,2024-01-28T18:23:46+00:00
181.41.206.184,11,Cyber Assets Fzco,cyberassets.ae,US,1,2024-02-02T01:39:27+00:00
154.6.151.15,1,LogicWeb Inc,logicweb.com,AU,0,2023-12-24T08:51:43+00:00
191.101.174.138,2,IPXO,ipxo.com,US,1,2024-01-12T05:48:01+00:00
77.247.181.219,11,NForce Entertainment B.V.,nforce.com,NL,8,2024-02-01T02:45:05+00:00
102.135.172.102,22,Poa Internet Kenya Limited,poainternet.net,KE,1,2024-01-24T06:04:03+00:00
185.199.101.66,3,Packethub S.A.,nordvpn.com,CA,1,2024-01-24T14:14:45+00:00
107.179.20.206,19,LayerHost,layerhost.com,US,2,2024-02-08T01:03:21+00:00
45.92.229.129,58,US NYC,panq.nl,US,0,2024-01-06T09:41:02+00:00
102.129.152.70,3,DET Africa (Pty) Ltd,host1plus.com,US,1,2024-02-02T22:11:35+00:00
23.26.221.25,19,Secfirewallas,ipxo.com,IN,8,2024-01-24T07:54:17+00:00
172.98.86.138,1,Performive LLC,performive.com,US,0,2023-12-29T11:51:26+00:00
2.57.168.41,42,VPN Consumer New Jersey United States of America,tnrtechnologies.nl,US,7,2024-02-01T12:54:50+00:00
107.179.20.188,10,LayerHost,layerhost.com,US,0,2024-01-07T02:40:11+00:00
89.187.163.193,40,DataCamp s.r.o.,datacamp.sk,SG,18,2024-02-07T13:03:14+00:00
91.193.232.101,23,Lamis Ukraine LLC,lamis.net.ua,US,1,2024-01-20T15:02:41+00:00
63.135.161.144,3,IPXO LLC,ipxo.com,US,1,2024-01-25T08:32:39+00:00
216.24.212.81,34,IPXO LLC,ipxo.com,US,6,2024-02-01T21:50:12+00:00
146.70.186.204,17,M247 Europe SRL,m247.com,US,1,2024-01-13T08:25:45+00:00
146.70.51.211,2,M247 Europe SRL,m247.com,US,0,2024-01-06T07:02:57+00:00
66.235.168.198,8,HopOne Internet Corporation,hopone.net,US,1,2024-01-19T09:03:45+00:00
185.61.158.138,1,Hydra Communications Ltd,zare.com,GB,0,2023-12-25T01:07:25+00:00
144.48.39.227,22,Ransom IT Infrastructure,ransomit.com.au,AU,13,2024-02-06T09:09:54+00:00
38.240.225.62,1,Tech Futures Interactive Inc.,techfutures.co,CA,0,2023-12-19T15:50:16+00:00
38.47.163.35,2,PSINet Inc.,cogentco.com,PH,0,2024-01-04T13:17:54+00:00
185.152.66.234,17,DataCamp Limited,datacamp.co.uk,US,2,2024-02-05T20:25:16+00:00
49.43.225.178,15,Reliance Jio Infocomm Limited,ril.com,IN,1,2024-01-29T16:03:30+00:00
154.6.80.7,15,LogicWeb Inc,logicweb.com,US,1,2024-01-20T03:56:02+00:00
152.110.56.165,2,Dimension Data,dimensiondata.com,ZA,1,2024-01-22T04:10:26+00:00
212.193.63.120,17,Trader Soft LLC,simplecloud.club,RU,11,2024-02-06T12:35:02+00:00
146.70.112.108,15,M247 Ltd Quebec Infrastructure,m247.com,CA,2,2024-01-09T20:22:35+00:00
45.130.86.4,4,PVDataNet AB,pvdatanet.com,US,1,2024-02-06T08:45:28+00:00
49.36.215.115,3,Reliance Jio Infocomm Limited,ril.com,IN,1,2024-01-26T16:24:29+00:00
154.6.92.17,1,LogicWeb Inc,logicweb.com,US,0,2023-12-29T20:13:31+00:00
196.190.60.174,14,Ethio Telecom,ethiotelecom.et,ET,1,2024-01-22T18:36:50+00:00
103.155.194.132,2,Ethereal Business Solutions Private Limited,gbplbroadband.in,IN,1,2024-01-29T14:35:23+00:00
45.86.208.25,8,Customer Allocation HB Client,clouvider.net,US,1,2024-01-13T13:59:09+00:00
86.104.22.19,2,Hydra Communications Ltd,zare.com,NL,1,2024-01-09T14:08:49+00:00
196.189.245.220,2,Ethio Telecom,ethiotelecom.et,ET,1,2024-01-12T10:25:51+00:00
105.233.226.250,1,CyberSmart,cybersmart.co.za,ZA,0,2023-12-31T01:45:44+00:00
136.144.33.60,2,Panq B.V.,panq.nl,US,7,2024-01-10T04:52:10+00:00
172.98.89.182,3,Total Server Solutions L.L.C.,totalserversolutions.com,CA,1,2024-01-28T23:44:53+00:00
136.144.43.153,18,Panq B.V.,panq.nl,US,0,2024-01-02T10:05:22+00:00
146.70.198.248,4,M247 Ltd Quebec,m247.com,ES,1,2024-02-06T02:35:27+00:00
94.46.167.216,3,Almouroltec Servicos de Informatica e Internet Lda,ptisp.pt,PT,4,2024-02-02T10:45:27+00:00
185.213.154.230,17,31173 Services AB,31173.se,SE,4,2024-02-03T14:25:07+00:00
45.131.195.89,9,Van Veen Beheer B.V.,vanveen.name,US,1,2024-01-15T00:31:31+00:00
49.36.215.23,3,Reliance Jio Infocomm Limited,ril.com,IN,1,2024-01-28T08:43:05+00:00
23.146.192.7,2,Buzzmax.ca,buzzmax.ca,CA,1,2024-01-20T12:30:04+00:00
102.129.232.246,3,Digital Energy Technologies Limited,host1plus.com,US,1,2024-02-02T04:42:34+00:00
191.96.255.178,3,Cyber Assets Fzco,cyberassets.ae,US,1,2024-02-02T17:34:48+00:00
103.175.51.149,1,GB Network Solutions Sdn. Bhd.,gbnetwork.my,MY,0,2023-12-24T18:45:25+00:00
112.210.235.158,21,Philippine Long Distance Telephone Company,pldt.com,PH,2,2024-01-12T01:18:00+00:00
197.156.86.104,1,Ethio Telecom,ethiotelecom.et,ET,0,2023-12-25T00:54:17+00:00
154.47.23.116,35,DataCamp Limited,datacamp.co.uk,JP,6,2024-02-04T11:18:02+00:00
223.123.96.150,3,CMPak Limited,zong.com.pk,PK,1,2024-01-28T08:14:58+00:00
89.37.95.207,18,HostRoyale Technologies Pvt Ltd,hostroyale.com,ES,2,2024-02-07T03:15:55+00:00
45.67.96.55,1,E Sydney,legaconetworks.nl,AU,0,2023-12-18T21:45:10+00:00
45.132.224.9,3,Syndesi Networks B.V.,syndesi-networks.nl,AU,2,2024-01-20T07:00:36+00:00
45.128.199.2,12,Expres,expressvpn.com,NL,2,2024-02-06T22:08:22+00:00
37.140.254.177,11,LayerSwitch B.V.,layerswitch.com,CH,1,2024-01-31T08:09:29+00:00
191.96.37.100,3,Cyber Assets Fzco,cyberassets.ae,US,1,2024-02-03T14:46:02+00:00
45.133.5.5,3,VPN Consumer,legaconetworks.nl,AU,1,2024-01-20T03:39:26+00:00
45.132.224.38,16,Syndesi Networks B.V.,syndesi-networks.nl,AU,2,2024-01-23T16:01:29+00:00
67.215.1.147,31,Avira - Lifelock,nortonlifelock.com,CA,5,2024-01-24T17:15:17+00:00
212.30.36.32,47,M Nets SAL,mnets.net,DE,9,2024-02-07T01:15:41+00:00
37.46.115.19,11,AltusHost B.V.,altushost.com,RS,1,2024-02-08T03:07:08+00:00
154.47.25.194,27,DataCamp Limited,datacamp.co.uk,US,22,2024-02-05T06:30:09+00:00
103.167.172.187,3,Gungun Fiber Broadband,megatelnetworks.in,IN,1,2024-02-06T12:30:10+00:00
212.102.60.130,30,DataCamp Limited,cdn77.com,US,1,2024-01-12T03:15:34+00:00
193.36.225.112,2,Panq B.V.,panq.nl,US,0,2024-01-08T11:50:50+00:00
23.26.221.31,17,Secfirewallas,ipxo.com,IN,3,2024-01-22T14:22:08+00:00
89.187.166.17,29,DataCamp s.r.o.,datacamp.sk,GB,0,2024-01-15T23:47:52+00:00
191.101.157.224,2,IPXO Limited,ipxo.com,DE,1,2024-01-17T19:09:22+00:00
102.220.173.27,4,Allen FTTX,choice2mobiletech.com,KE,1,2024-02-03T15:02:48+00:00
146.70.112.84,10,M247 Ltd Quebec Infrastructure,m247.com,CA,0,2024-01-08T23:30:09+00:00
138.199.60.166,44,DataCamp Limited,datacamp.co.uk,SG,18,2024-02-05T17:25:01+00:00
37.46.113.245,1,AltusHost B.V.,altushost.com,LU,0,2024-01-07T13:28:37+00:00
193.37.32.182,12,Panq B.V.,panq.nl,SG,2,2024-01-23T16:53:15+00:00
188.240.57.86,20,Hydra Communications Ltd,zare.com,GB,4,2024-01-17T00:07:20+00:00
185.198.240.80,30,US NJ,legaconetworks.nl,US,5,2024-02-07T15:12:55+00:00
116.206.14.46,10,PT. Hutchison 3 Indonesia,three.co.id,ID,1,2024-01-24T02:30:39+00:00
216.73.161.87,27,Bandito Networks Inc,bandito.net,US,3,2024-01-31T01:26:12+00:00
129.205.208.52,1,Botswana Fibre Networks (Proprietary) Limited,bofinet.co.bw,BW,1,2024-02-04T09:37:02+00:00
129.205.208.47,1,Botswana Fibre Networks (Proprietary) Limited,bofinet.co.bw,BW,1,2024-02-05T00:08:33+00:00
129.205.208.46,11,Botswana Fibre Networks (Proprietary) Limited,bofinet.co.bw,BW,2,2024-02-05T01:56:53+00:00
129.205.208.59,12,Botswana Fibre Networks (Proprietary) Limited,bofinet.co.bw,BW,2,2024-02-05T00:10:00+00:00
212.193.61.26,8,Trader Soft LLC,simplecloud.club,RU,2,2024-01-23T11:59:42+00:00
37.19.211.63,12,DataCamp Limited,datacamp.co.uk,CA,3,2024-02-02T22:45:05+00:00
178.239.198.39,3,VPN Consumer Network,vpnconsumer.com,GB,1,2024-01-25T14:27:50+00:00
157.97.121.192,14,A&F Networks B.V.,falco-networks.com,US,0,2023-12-11T12:45:32+00:00
129.205.208.49,1,Botswana Fibre Networks (Proprietary) Limited,bofinet.co.bw,BW,1,2024-01-25T02:15:46+00:00
2.57.168.233,35,VPN Consumer New Jersey United States of America,tnrtechnologies.nl,US,20,2024-02-06T17:10:20+00:00
146.70.175.52,20,M247 Europe SRL,m247.com,NL,6,2024-01-28T05:08:46+00:00
146.70.204.179,1,M247 Europe SRL,m247.com,GB,0,2023-12-18T23:27:20+00:00
154.117.180.106,20,Bitco,bitco.co.za,ZA,1,2024-01-18T00:19:22+00:00
93.156.200.40,17,R Cable Y Telecable Telecomunicaciones S.A.U.,mundo-r.com,ES,2,2024-01-25T20:24:56+00:00
41.59.100.66,2,Broadband Subscribers in Tanzania Republic,ttcldata.net,TZ,1,2024-01-09T13:01:45+00:00
45.131.195.209,18,Van Veen Beheer B.V.,vanveen.name,US,3,2024-01-18T22:31:35+00:00
104.234.212.2,22,IPXO LLC,ipxo.com,US,52,2024-02-05T22:15:06+00:00
129.205.208.43,3,Botswana Fibre Networks (Proprietary) Limited,bofinet.co.bw,BW,1,2024-02-07T04:05:22+00:00
194.169.170.21,16,Surfshark Ltd,surfshark.com,NP,2,2024-01-26T16:37:32+00:00
45.248.151.58,2,Dot Internet,dotinternetbd.com,BD,1,2024-02-01T08:34:17+00:00
37.120.132.91,75,Secure Data Systems SRL,s-data.ro,US,29,2024-01-28T04:17:22+00:00
129.205.208.55,1,Botswana Fibre Networks (Proprietary) Limited,bofinet.co.bw,BW,2,2024-02-04T09:37:06+00:00
185.213.154.220,28,31173 Services AB,31173.se,SE,4,2024-01-20T18:15:07+00:00
138.199.24.12,2,DataCamp Limited,datacamp.co.uk,SG,0,2024-01-05T13:13:03+00:00
179.61.240.111,1,IPXO Limited,ipxo.com,NZ,0,2023-12-18T00:50:29+00:00
102.90.57.245,14,MTN Nigeria Communication Limited,mtnonline.com,NG,0,2023-12-31T13:52:39+00:00
194.124.76.38,1,Julita Oskroba,clouvider.co.uk,US,0,2023-12-23T00:13:38+00:00
102.90.58.76,2,MTN Nigeria Communication Limited,mtnonline.com,NG,1,2024-01-11T07:48:01+00:00
129.205.208.29,12,Botswana Fibre Networks (Proprietary) Limited,bofinet.co.bw,BW,3,2024-02-05T01:56:50+00:00
129.205.208.50,1,Botswana Fibre Networks (Proprietary) Limited,bofinet.co.bw,BW,2,2024-02-05T00:08:46+00:00
216.151.183.22,1,NetProtect,netprotect.com,US,0,2023-12-27T07:07:24+00:00
45.84.139.5,4,Stumpner Netservice UG (haftungsbeschraenkt),stumpnernet.de,DE,1,2024-02-06T22:36:08+00:00
102.68.79.177,80,Unwired-Communications-LTD FTTH,unwired.co.ke,KE,22,2024-02-07T12:08:20+00:00
102.90.57.132,9,MTN Nigeria Communication Limited,mtnonline.com,NG,0,2024-01-05T14:19:33+00:00
124.217.189.158,1,Domain Five Enterprises Limited,hthk.com,HK,0,2023-12-19T16:29:45+00:00
118.99.2.9,2,Forewin Telecom Group Limited ISP at HK,hkt.cc,HK,1,2024-01-11T19:10:02+00:00
129.205.208.58,1,Botswana Fibre Networks (Proprietary) Limited,bofinet.co.bw,BW,1,2024-02-05T00:10:00+00:00
103.204.209.210,19,MSL TechBD Limited,msltechbd.net,BD,0,2024-01-08T22:41:13+00:00
103.231.89.218,28,Intergrid Group Pty. Ltd.,intergrid.com.au,AU,5,2024-02-05T00:40:19+00:00
129.205.208.60,11,Botswana Fibre Networks (Proprietary) Limited,bofinet.co.bw,BW,2,2024-02-04T16:39:07+00:00
102.90.57.151,4,MTN Nigeria Communication Limited,mtnonline.com,NG,1,2024-02-06T11:05:42+00:00
87.249.133.98,25,DataCamp Limited,datacamp.co.uk,AT,3,2024-02-04T13:45:04+00:00
195.154.199.155,10,Scaleway,scaleway.com,FR,2,2024-01-28T17:19:30+00:00
45.8.17.11,3,VPN Consumer Network,vpnconsumer.com,NL,1,2024-01-26T04:43:40+00:00
197.248.136.127,18,Safaricom Limited,safaricom.co.ke,KE,3,2024-01-30T14:26:23+00:00
216.131.117.25,1,Strong Technology LLC,strongvpn.com,GB,0,2023-12-24T18:09:12+00:00
136.144.35.236,17,Panq B.V.,panq.nl,US,0,2023-12-28T12:04:52+00:00
185.199.101.48,9,Packethub S.A.,nordvpn.com,CA,0,2024-01-01T00:35:00+00:00
41.193.168.113,1,Vox Telecom Ltd,voxtelecom.co.za,ZA,0,2023-12-18T13:31:11+00:00
184.75.208.34,17,Amanah Tech Inc.,amanah.com,CA,8,2024-02-06T19:05:01+00:00
193.148.18.52,33,M247 Europe SRL,m247.com,US,9,2024-02-01T09:56:30+00:00
191.96.106.223,11,IPXO,ipxo.com,US,1,2024-02-03T07:06:49+00:00
193.142.201.90,2,TT1 Datacenter UG (haftungsbeschraenkt),tt1-datacenter.de,NL,1,2024-01-11T00:42:29+00:00
2.57.169.4,2,Express Equinix Torronto,equinix.com,CA,1,2024-01-15T10:48:42+00:00
102.165.16.78,24,Digital Energy Technologies Chile Spa,host1plus.com,US,5,2024-02-03T03:56:42+00:00
154.6.13.151,8,LogicWeb Inc,logicweb.com,US,0,2024-01-04T07:44:32+00:00
45.133.4.19,4,VPN Consumer AU,vpnconsumer.com,AU,1,2024-02-03T09:00:54+00:00
193.32.127.157,8,31173 Services AB,31173.se,CH,0,2023-12-23T03:04:06+00:00
2.57.169.218,24,Express Equinix Torronto,equinix.com,CA,3,2024-02-06T14:30:02+00:00
159.242.227.139,3,Avast Slovakia s.r.o.,avast.com,GB,1,2024-01-30T07:13:07+00:00
45.133.172.160,1,IPXO Limited,ipxo.com,GB,0,2023-12-24T04:54:08+00:00
213.152.161.138,80,Global Layer B.V.,global-layer.com,NL,26,2024-02-01T13:06:58+00:00
109.201.152.166,17,NForce Entertainment B.V.,nforce.com,NL,8,2024-02-04T16:25:04+00:00
102.165.48.68,16,DET Africa (Pty) Ltd,host1plus.com,US,0,2023-12-25T10:10:25+00:00
195.206.105.203,99,M247 Europe SRL,m247.com,CH,53,2024-02-08T01:54:07+00:00
156.146.54.68,15,DataCamp Limited,cdn77.com,US,2,2024-01-23T13:15:36+00:00
146.70.55.214,42,M247 Europe SRL,m247.com,BE,17,2024-01-27T03:18:18+00:00
102.165.48.53,1,DET Africa (Pty) Ltd,host1plus.com,US,0,2023-12-29T16:14:28+00:00
212.102.46.40,1,DataCamp Limited,cdn77.com,US,0,2023-12-31T05:35:02+00:00
178.238.10.147,10,Customer Allocation HB Client,clouvider.net,GB,1,2024-01-26T09:27:47+00:00
165.231.210.156,8,Fiber Grid Inc,fibergrid.eu,US,2,2024-01-11T11:50:37+00:00
45.144.115.43,51,Customer Allocation HB Client,clouvider.net,US,31,2024-02-07T18:32:05+00:00
216.131.116.22,1,Strong Technology LLC,strongvpn.com,GB,0,2023-12-24T03:14:55+00:00
45.130.136.160,3,Panq,panq.nl,ES,6,2024-02-01T09:08:06+00:00
103.218.27.243,17,RedGrapesPteLtd SG,redgrapes.com.sg,BD,1,2024-01-31T03:04:17+00:00
37.120.155.26,1,Secure Data Systems SRL,s-data.ro,AT,0,2023-12-27T09:20:02+00:00
103.148.49.201,11,PT. Borneo Cakrawala Media,bcmedia.co.id,ID,1,2024-01-14T13:30:57+00:00
45.8.17.143,19,VPN Consumer Network,vpnconsumer.com,NL,2,2024-01-31T18:59:54+00:00
92.119.36.72,41,Van Veen Beheer B.V.,vanveen.name,US,7,2024-01-30T17:57:55+00:00
216.24.212.43,61,Rockion LLC,rockionllc.com,US,14,2024-02-06T14:52:26+00:00
92.119.36.159,35,Van Veen Beheer B.V.,vanveen.name,US,6,2024-02-05T07:13:17+00:00
181.215.25.169,7,IPXO Limited,ipxo.com,GB,0,2023-12-12T22:43:31+00:00
109.202.99.46,3,Global Layer B.V.,global-layer.com,NL,4,2024-01-21T00:40:06+00:00
213.232.87.234,2,TT1 Datacenter UG (haftungsbeschraenkt),tt1-datacenter.de,NL,0,2024-01-08T19:10:06+00:00
62.204.41.128,3,Horizon LLC,gorizontllc.msk.ru,RU,1,2024-02-07T03:09:24+00:00
149.88.25.200,10,DataCamp Limited,datacamp.co.uk,US,0,2024-01-02T22:00:13+00:00
103.148.49.202,10,PT. Borneo Cakrawala Media,bcmedia.co.id,ID,1,2024-01-26T04:43:21+00:00
109.202.99.36,12,Global Layer B.V.,global-layer.com,NL,10,2024-02-07T11:25:07+00:00
37.19.200.137,12,DataCamp Limited,datacamp.co.uk,US,2,2024-01-28T22:00:24+00:00
103.148.49.203,11,PT. Borneo Cakrawala Media,bcmedia.co.id,ID,1,2024-01-19T14:03:42+00:00
44.196.228.180,3,Amazon Data Services NoVa,amazon.com,US,1,2024-01-25T06:26:37+00:00
185.199.110.153,43,GitHub Inc.,github.com,US,15,2024-01-18T10:28:36+00:00
185.200.118.51,100,M247 Europe SRL,m247.com,GB,56,2024-01-31T23:43:50+00:00
185.200.116.51,100,M247 Europe SRL,m247.com,SG,96,2024-02-07T21:48:06+00:00
95.211.254.216,2,LeaseWeb Netherlands B.V.,leaseweb.com,NL,1,2024-01-18T03:28:59+00:00
216.239.36.54,8,Google LLC,google.com,US,0,2023-12-29T15:59:20+00:00
72.21.81.240,24,Edgecast Inc.,edgecast.com,US,7,2024-02-07T14:11:54+00:00
103.216.220.99,20,Host Universal Pty Ltd,hostuniversal.com.au,AU,13,2024-02-05T03:45:10+00:00
185.199.108.153,36,GitHub Inc.,github.com,US,4,2024-02-06T11:40:58+00:00
141.193.213.11,8,WPEngine Inc.,wpengine.com,US,0,2023-12-29T16:21:58+00:00
146.70.202.163,22,M247 Europe SRL,m247.com,US,35,2024-02-06T10:45:08+00:00
216.151.191.11,1,NetProtect,netprotect.com,US,0,2023-12-26T01:10:45+00:00
96.44.191.135,13,QuadraNet Enterprises LLC,quadranet.com,US,11,2024-02-07T06:45:08+00:00
